question_id,answer,grade
1,محمد صلى الله عليه وسلم,2
1,خاتم الأنبياء,2
1,الرسول الأعظم,2
1,سيد المرسلين,2
1,صاحب الرسالة الخاتمة,2
1,النبي الذي لا يبعث بعده نبي,2
1,صاحب الشريعة الخاتمة,2
1,نبي الله الذي أرسله الله إلى جميع الناس، وختم به رسالته إلى البشرية,2
1,النبي الذي أكرمه الله بآيات كثيرة في القرآن الكريم,2
1,نبي الله الذي أقام العدل بين الناس,2
1,نبي الله الذي أحبه الناس,2
1,نبي الله الذي كان نجاة للناس,2
1,لنبي محمد,2
1,سيدنا محمد صلى الله عليه وسلم,2
1,الرسول محمد,2
1,النبي الأكرم محمد صلى الله عليه وسلم,2
1,رسول الله محمد صلى الله عليه وسلم,2
1,لنبي العظيم محمد صلى الله عليه وسلم,2
1,النبي محمد رسول الله,2
1,الرسول المصطفى محمد صلى الله عليه وسلم,2
1,النبي محمد خاتم النبيين,2
1,الرسول محمد خاتم الأنبياء,2
1,الهادي محمد صلى الله عليه وسلم,2
1,نبي الهدى محمد صلى الله عليه وسلم,2
1,سيد المرسلين محمد صلى الله عليه وسلم,2
1,النبي محمد سيد الأنبياء والمرسلين,2
1,النبي محمد خاتم الرسل,2
1,النبي محمد سيد الأنبياء والمرسلين,2
1,محمد بن عبد الله,2
1,النبي محمد,1
1,رسول الله,1
1,خاتم الرسل,1
1,الرسول يعقوب عليه السلام,0
1,يعقوب ,0
1,الحبيب آدم عليه السلام,0
1,النبي نوح عليه السلام,0
1,الرسول سليمان عليه السلام,0
1,الحسين بن علي رضي الله عنه,0
1,النبي إبراهيم عليه السلام,0
1,الرسول داود عليه السلام,0
1,النبي آدم عليه السلام,0
1,نبي العصر,0
1,المسيح الدجال,0
1,الإمام المهدي,0
1,الصادق الأمين,0
1,الفاتح العظيم,0
1,رسول البشرية,0
1,نبي الإنسانية,0
1,إمام المسلمين,0
1,ملك العرب,0
1,سيد العالم,0
1,خليفة الله في الأرض,0
1,النبي الخاتم,1
1,سيد المرسلين,1
1,المصطفى,0
1,خير خلق الله محمد صلى الله عليه وسلم,2
1,نور الهدى محمد صلى الله عليه وسلم,2
1,نبي الرحمة محمد صلى الله عليه وسلم,2
1, النبي الكريم محمد صلى الله عليه وسلم,2
1,الرسول الكريم محمد صلى الله عليه وسلم,2
1,النبي محمد هو خاتم الرسل,1
1,الهادي محمد صلى الله عليه وسلم,2
1,سيد الرسل محمد صلى الله عليه وسلم,2
1,النبي محمد خاتم الأنبياء والمرسلين,2
1,النبي محمد سيد الأنبياء والمرسلين,2
1,نبي الرحمة والهدى محمد صلى الله عليه وسلم,2
1,سيد الخلق والمرسلين محمد صلى الله عليه وسلم,2
1,في الإسلام، محمد هو آخر الأنبياء، ولكن الديانات الأخرى قد تختلف في ذلك,1
1,محمد آخر الأنبياء في الإسلام، ولكن هناك تباين في المعتقدات في ديانات أخرى,1
1,محمد خاتم الأنبياء في الإسلام، بينما تختلف المعتقدات في ديانات أخرى,1
1,الإسلام يعتبر محمد آخر الأنبياء، لكن يمكن أن تكون هناك آراء متباينة في ديانات أخرى,1
1,وفقًا للإيمان الإسلامي، محمد هو آخر الأنبياء,1
1,محمد  صلى الله عليه وسلم هو آخر الأنبياء,2
1,محمد خاتم الأنبياء والمرسلين في الإسلام،,1
1,النبي محمد صلى الله عليه وسلم  هو آخر من بعثه الله في الإسلام,2
1,في الإسلام، محمد هو ختم الرسالات السماوية,1
1,محمد صلى الله عليه وسلم هو نبي الإسلام وخاتم الأنبياء,2
1,لوط عليه السلام,0
1,الرسول الأعظم محمد صلى الله عليه وسلم,2
1,آدم عليه السلام,0
1,نوح عليه السلام,0
1,إبراهيم عليه السلام,0
1,موسى عليه السلام,0
1,عيسى عليه السلام,0
1,داود عليه السلام,0
1,سليمان عليه السلام,0
1,يونس عليه السلام,0
1,يوسف عليه السلام,0
1,محمد صلى الله عليه وسلم,2
1,خاتم الأنبياء,2
1,"صاحب الشريعة الخاتمة",2
1,الرسول الأعظم,1
1,سيد المرسلين,2
1,صاحب الرسالة الخاتمة,2
1,النبي الذي لا يبعث بعده نبي,2
1,نبي الله الذي أرسله الله إلى جميع الناس، وختم به رسالته إلى البشرية.,2
1,صاحب الشريعة الإسلامية، التي هي آخر شريعة أرسلها الله إلى الناس,2
1,نبي الله الذي هزم الباطل وأهله,1
1,الذي نشر الإسلام في العالم,0
1, نال رضا الله تعالى,0
2,ثلاث سنوات,2
2,ثلاث سنوات حمل فيها نبيّنا لواء الدعوة في الخفاء.,2
2, استمرت الدعوة السرية ثلاث سنوات,2
2, استمرت الدعوة السرية 3 سنوات,2
2,  سنوات 3,2
2,فجر الإسلام أشرق بعد ثلاث سنين من دعوة سرية نبوية.,2
2,ثلاث فصول من الصبر والجهاد قبل إعلان النبي محمد صلّى الله عليه وسلم دعوته جهراً.,2
2,غرسُ النبوة ترعرع ثلاث سنين في تربة الدعوة السرية.,2
2,همس الحقيقة تردّد ثلاث سنوات قبل أن يصدح بآيات القرآن.,2
2,ثلاث مراحل ممهّدت طريق نبويّ مشرق انطلقت بالدعوة السرية.,1
2,مرحلة حجر الزاوية في تاريخ الإسلام دامت ثلاث سنوات، دعوة سرية حملت مشعل النبوة.,2
2,ثلاث سنوات تلت نزول الوحي في غار حراء، كانت سراجاً للدعوة النبوية السرية.,2
2,قبل الهجرة النبوية بثلاث سنين، انطلقت شرارة الإسلام من دعوة نبوية في الخفاء.,2
2, امتدت ثلاث سنين من البذور السرية للنبوة.,2
2,قبل أن تُصدع قريش بخطاب الإسلام العلني، امتدت ثلاث سنين من البذور السرية للنبوة.,2
2,حجر الزاوية في تاريخ الإسلام، ثلاث سنوات من الدعوة السرية التي مهدت لانتشار الرسالة.,2
2,فترة تحضيرية هامة في مسيرة الإسلام، انطلقت بُشرتها الأولى في ثلاث سنين من الدعوة السرية.,2
2,ثلاث سنين من دعوة سريةٍ نَبَت منها نور الإسلام.,2
2,نعم، استمرت الدعوة السرية لفترة 3-5 سنوات. ,2
2,استمرت الدعوة السرية لمدة 13 عاماً وليس 3 سنوات,1
2,استمرت الدعوة السرية في مكة المكرمة لمدة تتراوح بين 3 و 5 سنوات,1
2,استمرت الدعوة السرية في مكة المكرمة لمدة 3 سنوات.,2
2,استمرت الدعوة السرية في مكة المكرمة لمدة 3 سنوات.,2
2,دعا النبي محمد صلى الله عليه وسلم سراً إلى الإسلام لمدة 3 سنوات قبل الإعلان عنه.,2
2,بدأت الدعوة الجهرية في المدينة المنورة بعد انتهاء الدعوة السرية التي استمرت 3 سنوات,2
2,رغم استمرارها لـ3 سنوات فقط، لعبت الدعوة السرية دوراً محورياً في تأسيس الإسلام,2
2,كان انتشار الإسلام تدريجياً خلال الدعوة السرية، لمدة 3 سنوات,2
2,استمرت الدعوة السرية لمدة 5 سنوات,0
2,استمرت الدعوة  السرية طوال فترة بعثة النبي محمد صلى الله عليه وسلم.,0
2,نعم، استمرت الدعوة السرية في مكة المكرمة لمدة 3 سنوات,2
2,استمرت الدعوة السرية لمدة 3 سنوات قبل الهجرة إلى المدينة المنورة,2
2,3 سنوات كانت فترة هامة في تأسيس الإسلام من خلال الدعوة السرية.,2
2,لم يكن هناك أتباع للنبي محمد صلى الله عليه وسلم خلال الدعوة السرية.,0
2,كانت فترة الدعوة السرية مليئة بالرفاهية والسلام.,0
2,تسبب سرية الدعوة في ضعف العقيدة بين المسلمين الأوائل.,0
2, للدعوة السرية,0
2,استمرت الدعوة السرية لمدة 5 سنوات، وليس 3 سنوات,0
2,بدأت الدعوة السرية في المدينة المنورة، ثم انتقلت إلى مكة المكرمة,0
2,استمرت الدعوة الجهرية طوال فترة بعثة النبي محمد صلى الله عليه وسلم.,0
2,أعلن النبي محمد صلى الله عليه وسلم عن الإسلام علناً منذ بداية بعثته.,0
2,نعم، استمرت الدعوة السرية في مكة المكرمة لمدة 3 سنوات,2
2,استمرت الدعوة السرية لمدة 3 سنوات قبل الهجرة إلى المدينة المنورة.,2
2,3 سنوات كانت فترة هامة في تأسيس الإسلام من خلال الدعوة السرية.,2
2,استمرت الدعوة السرية 5 سنوات,0
2,بدأت الدعوة السرية في المدينة المنورة واستمرت لمدة 3 سنوات,1
2,دامت الدعوة السرية طوال فترة حياة النبي محمد صلى الله عليه وسلم,0
2,أعلن النبي محمد صلى الله عليه وسلم عن الإسلام علناً بعد فترة قصيرة من البعثة.,0
2,استمرت الدعوة السرية لمدة 10 سنوات,0
2,لم تُخفَ أمر الدعوة الإسلامية في بدايتها.,0
2,استمر النبي محمد صلى الله عليه وسلم بالدعوة سراً بعد الهجرة إلى المدينة المنورة.,0
2,استمرت الدعوة السرية ثلاث سنوات.,2
2,3 سنوات شهدت بدايات الدعوة الإسلامية في مكة المكرمة.,2
2,دعوة سرية استمرت 3 سنوات هي التي مهدت الطريق لانتشار الإسلام. ,2
2,3 سنوات هي مدة الدعوة السرية قبل الانتقال إلى المدينة المنورة.,2
2,انتهت الدعوة السرية بعد 3 سنوات من بدء البعثة.,2
2,دعوة سرية استمرت 3 سنوات هي التي مهدت الطريق لانتشار الإسلام,2
2,3 سنوات قبل الإعلان عنها.,2
2,فترة الدعوة السرية التي استمرت 3 سنوات بأربعين شخصاً.,1
2,الفترة الأولى من الإسلام والتي استمرت 3 سنوات تسمى بالدعوة السرية.,2
2,استمرت الدعوة الإسلامية في مكة المكرمة سراً لمدة ثلاث سنوات,2
2,دعا النبي محمد صلى الله عليه وسلم إلى الإسلام متخفيًا لمدة ثلاث سنوات,2
2,بدأت الدعوة الإسلامية بصورة سرية في مكة المكرمة، واستمرت لمدة ثلاث سنوات.,2
2,انتهت المرحلة السرية من الدعوة الإسلامية بعد ثلاث سنوات من بدء البعثة النبوية.,2
2,عُدّت السنوات الثلاث الأولى من الدعوة الإسلامية فترة الدعوة السرية.,2
2,لم يتم الإعلان عن الإسلام علناً إلا بعد ثلاث سنوات من بدء الدعوة.,2
2,تعرض المسلمون الأوائل في مكة المكرمة للاضطهاد خلال فترة الدعوة السرية التي استمرت ثلاث سنوات.,2
2,استمرت الدعوة السرية خمسة سنوات,0
2,بدأت الدعوة السرية في المدينة المنورة واستمرت لمدة ثلاث سنوات.,1
2,دامت الدعوة السرية طوال فترة حياة النبي محمد صلى الله عليه وسلم.,0
2,أعلن النبي محمد صلى الله عليه وسلم عن الإسلام علناً بعد فترة قصيرة من البعثة,0
2,أعلن النبي محمد صلى الله عليه وسلم عن الإسلام علناً بعد فترة قصيرة من البعثة,0
2,لم تُخفَ أمر الدعوة الإسلامية في بدايتها,0
2,استمر النبي محمد صلى الله عليه وسلم بالدعوة سراً بعد الهجرة إلى المدينة المنورة.,0
2,استمرت الدعوة السرية ثلاث سنوات.,2
2,ثلاث سنوات هي مدة الدعوة السرية التي مهدت الطريق لانتشار الإسلام,2
2,ثلاث سنوات من الدعوة السرية في مكة المكرمة هي التي أسست دعائم الإسلام.,2
2,استمرت الدعوة السرية أكثر من 3 سنوات.,1
2,بدأت الدعوة السرية في مكة المكرمة، ثم انتقلت إلى المدينة المنورة بعد فترة قصيرة.,0
2,بدأت الدعوة السرية في مكة المكرمة، ثم انتقلت إلى المدينة المنورة بعد فترة قصيرة.,0
2,أعلن النبي محمد صلى الله عليه وسلم عن الإسلام علناً بعد فترة طويلة من البعثة.,0
2,لم يكن للدعوة السرية أي تأثير يذكر على تاريخ الإسلام، بل كان لها تأثير كبير.,0
2,استمرت الدعوة السرية لمدة 10 سنوات، ثم انتقلت إلى المدينة المنورة.,0
2,لم تُخفَ أمر الدعوة الإسلامية في بدايتها، بل أعلنها النبي محمد صلى الله عليه وسلم علناً.,0
2,ستمرت الدعوة السرية ثلاث سنوات، وهي الفترة التي دعا فيها النبي محمد صلى الله عليه وسلم سراً إلى الإسلام.,2
2,3 سنوات هي مدة الدعوة السرية التي شهدت بدايات الدعوة الإسلامية في مكة المكرمة.,2
2,دعوة سرية استمرت 3 سنوات هي التي مهدت الطريق لانتشار الإسلام.,2
2,مدة الدعوة السرية هي 4 سنوات، وليس 3 سنوات.,0
2,بدأت الدعوة السرية بعد الهجرة إلى المدينة المنورة.,1
2,أعلن النبي محمد صلى الله عليه وسلم عن الإسلام علناً منذ بداية بعثته.,0
2,استمرت الدعوة السرية لمدة 10 سنوات، وليس 3 سنوات.,0
2,لم تُخفَ أمر الدعوة الإسلامية في بدايته,0
2,استمر النبي محمد صلى الله عليه وسلم بالدعوة سراً بعد الهجرة إلى المدينة المنورة.,0
2,فترة الدعوة السرية التي استمرت 3 سنوات تسمى بالدعوة السرية.,1
2,خفي أمر الدعوة الإسلامية لمدة 3 سنوات قبل الإعلان عنها.,0
2,يقدر عدد المسلمين خلال فترة الدعوة السرية التي استمرت 3 سنوات بأربعين شخصاً.,1
2,مدة الدعوة السرية هي 4 سنوات، وليس 3 سنوات.,0
2,استمرت الدعوة السرية ثلاث سنوات.,2
2,ثلاث سنوات.,2
2,ثلاث سنوات.,2
3,سورة الفاتحة,1
3,سورة الأنعام,1
3,سورة الكهف,1
3,سورة سبأ,1
3,سورة فاطر,1
3,الفاتحة,1
3,الأنعام,1
3,الكهف,1
3,سبأ,1
3,فاطر,1
3,السور التي تفتتح بالحمد هي: الفاتحة، الأنعام، الكهف، سبأ، وفاطر.,2
3,افتتح الله تعالى خمس سور بالحمد، وهي: الفاتحة، الأنعام، الكهف، سبأ، وفاطر.,2
3,خمس سور كريمة في القرآن الكريم تبدأ بحمد الله تعالى، وهي: الفاتحة، الأنعام، الكهف، سبأ، وفاطر,2
3,سورة الكهف من بين السور المميزة التي تفتتح بالثناء والحمد.,1
3,ابتدأ الله عز وجل خمس سور بالحمد، فكانت: الفاتحة، الأنعام، الكهف، سبأ، وفاطر.,2
3,خمس سور في القرآن الكريم استهلت بالحمد، وهي: الفاتحة، الأنعام، الكهف، سبأ، وفاطر.,2
3,نجد خمس سور في كتاب الله العزيز تبدأ بالحمد، وهي: الفاتحة، الأنعام، الكهف، سبأ، وفاطر.,2
3,خمس سور في القرآن الكريم افتتحت بحمد الله، هي: الفاتحة، الأنعام، الكهف، سبأ، وفاطر.,2
3,خمس سور في الذكر الحكيم بُدئت بالحمد، وهي: الفاتحة، الأنعام، الكهف، سبأ، وفاطر.,2
3,خمس سور في القرآن المجيد استهلت بحمد الله، وهي: الفاتحة، الأنعام، الكهف، سبأ، وفاطر,2
3,خمس سور قرآنية تفتتح بالحمد، وهي: الفاتحة، الأنعام، الكهف، سبأ، وفاطر,2
3,السور التي تفتتح بالحمد هي: الفاتحة، الأنعام، الكهف,1
3,كهف,1
3,أنعام,1
3,فاتحة,1
3,خمس سور وهي: الفاتحة، والأنعام، والكهف، وسبأ، وفاطر.,2
3,الفاتحة،الأنعام، الكهف،سبأ، فاطر,2
3,الفاتحة،الأنعام، الكهف,1
3,سبأ، فاطر,1
3,الأنعام، الكهف,1
3,خمس سور,1
3,ابتدأ الله عز وجل خمس سور بالحمد، وهي: الفاتحة، والأنعام، والكهف، وسبأ، وفاطر.,2
3,خمس مرات  وهي: في الفاتحة، والأنعام، والكهف، وسبأ، وفاطر.,2
3,الفاتحة، والأنعام، والكهف، وسبأ,1
3,الأنعام،الكهف,1
3,الفاتحة وسبأ,1
3,تتفتح خمس سور بحمد الله تعالى، وهي: الفاتحة، والأنعام، والكهف، وسبأ، وفاطر.,2
3, السور هي: الفاتحة، والأنعام، والكهف، وسبأ، وفاطر.,2
3,السور : الفاتحة، والأنعام، والكهف، وسبأ، وفاطر.,2
3,"خمس مفاتيح للحمد، تشرع أبواب القرآن: فاتحة، أنعام، كهف، سبأ، فاطر.",2
3,السور التي بدأت بالحمد هي: الفاتحة، والأنعام، والكهف، وسبأ، وفاطر.,2
3,فتتح الله تعالى خمس سور بالحمد الفاتحة، والأنعام، والكهف، وسبأ، وفاطر,2
3,السور التي فتتحت  بالحمد هي: الفاتحة، والأنعام، والكهف، وسبأ، وفاطر,2
3,فتتحت سورة الفاتحة والأنعام والكهف وسبأ وفاطر بالحمد.,2
3,خمس سور كريمة في كتاب الله افتتحت بالحمد، وهي: الفاتحة، والأنعام، والكهف، وسبأ، وفاطر.,2
3,تزهر خمس سور بحمد الله وجماله، وهي: الفاتحة، والأنعام، والكهف، وسبأ، وفاطر.,2
3,خمس درر قرآنية تتلألأ بحمد الله عز وجل، وهي: الفاتحة، والأنعام، والكهف، وسبأ، وفاطر,2
3,خمس مرات يصدح صوت القرآن بحمد الله الخالق، وهي: في الفاتحة، والأنعام، والكهف، وسبأ، وفاطر.,2
3,ند عرش الرحمن تنطلق خمسة ألحان من حمد الله، وهي: الفاتحة، والأنعام، والكهف، وسبأ، وفاطر.,2
3,ترفع خمس سور حمدها لله رب العالمين، وهي: الفاتحة، والأنعام، والكهف، وسبأ، وفاطر,2
3,سورة الفاتحة والأنعام من السور التي افتتحت بالحمد.,1
3,سورة الكهف، وسبأ، وفاطر من السور التي افتتحت بالحمد.,1
3,سورة  الفاتحة هي إحدى السور المفتتحة بالحمد.,1
3,سورة  الفاتحة، والأنعام، والكهف، وسبأ، وفاطر من السور التي بُدئت بالحمد.,2
3,سورة الفاتحة، والأنعام، والكهف، وسبأ، وفاطر من السور تبدأ بحمد الله تعالى.,2
3,سورة الفاتحة تبدأ بحمد الله تعالى.,1
3,سورة الأنعام من السور تبدأ بحمد الله تعالى.,1
3,سورة الكهف، وسبأ من السور تبدأ بحمد الله تعالى.,1
3,الكهف، وسبأ، وفاطر من السور تبدأ بحمد الله تعالى.,1
3,سورة الفاتحة، والأنعام، والكهف، وسبأ، وفاطر تبدأ بحمد الله تعالى.,2
3,سورة الفاتحة، والأنعام، والكهف، وسبأ، وفاطر افتتحت بالحمد.,2
3,سورة الفاتحة، والأنعام، والكهف، وسبأ، وفاطرهي  التي تفتتح بالحمد.,2
3,الفاتحة، والأنعام، والكهف، وسبأ، وفاطرهي السور التي تفتتح بالحمد.,2
3,الفاتحة، والأنعام، والكهف، وسبأ، وفاطرهي  السور التي بُدئت بالحمد.,2
3,الفاتحة، والأنعام، والكهف، وسبأ، وفاطرهي السور المفتتحة  بالحمد.,2
3,سورة الفاتحة، والأنعام، والكهف، وسبأ، وفاطر تبدأ بالحمد لله رب العالمين.,2
3,سورة الفاتحة، والأنعام هي إحدى السور التي تبتدئ بالحمد.,1
3,سورة الفاتحة، والأنعام هي إحدى السور التي تبتدئ بالحمد.,1
3,الفاتحة، والأنعام، والكهف، وسبأ، وفاطر تبتدئ بالحمد.,2
3,الفاتحة، والأنعام، والكهف، وسبأ، وفاطربدأت بالحمد,2
3,سورة الفاتحة، والأنعام، والكهف، وسبأ، وفاطر  تبدأ بحمد الله تعالى.,2
3,السور التي  تبدأ بالحمد لله رب العالمين هي: الفاتحة، والأنعام، والكهف، وسبأ، وفاطر.,2
3,السور التي تبدأ بالحمد لله رب العالمين هي: الفاتحة، والأنعام.,1
3,السور التي تبدأ بالحمد لله رب العالمين هي:الكهف، وسبأ، وفاطر.,1
3,من شواطئ الحمد الرحمانية ننهل، فتشرق علينا خمس سور: الفاتحة، والأنعام، والكهف، وسبأ، وفاطر.,2
3,خمس جواهر تزين تاج القرآن بحمد الله العظيم، وهي: الفاتحة، والأنعام، والكهف، وسبأ، وفاطر.,2
3,ترفع خمس سور حمدها لله رب العالمين، وهي: الفاتحة، والأنعام، والكهف، وسبأ، وفاطر.,2
3,خمس مرات يصدح صوت القرآن بحمد الله الخالق، وهي: في الفاتحة، والأنعام، والكهف، وسبأ، وفاطر.,2
3,تتفتح خمس سور بحمد الله تعالى، وهي: الفاتحة، والأنعام، والكهف، وسبأ، وفاطر.,2
3,عند عرش الرحمن تنطلق خمسة ألحان من حمد الله، وهي: الفاتحة، والأنعام، والكهف، وسبأ، وفاطر.,2
3,خمس نسمات إيمانية تهب علينا من حمد الله تعالى، وهي: الفاتحة، والأنعام، والكهف، وسبأ، وفاطر.,2
3,عند كل فجر، تنساب خيوط الحمد في خمس سور: الفاتحة، والأنعام، والكهف، وسبأ، وفاطر,2
3,كأصابع اليد، ترفع خمس سور حمدها لله رب العالمين، وهي: الفاتحة، والأنعام، والكهف، وسبأ، وفاطر.,2
3,خمس جواهر تزين تاج القرآن بحمد الله العظيم، وهي: الفاتحة، والأنعام، والكهف، وسبأ، وفاطر.,2
3,من شواطئ الحمد الرحمانية ننهل، فتشرق علينا خمس سور: الفاتحة، والأنعام، والكهف، وسبأ، وفاطر.,2
3,خمس تحيات تفتتح بالحمد: فاتحة، أنعام، كهف، سبأ، فاطر.,2
3,حمد الله يُنشد في خمس فصول قرآني:  الفاتحة، والأنعام، والكهف، وسبأ، وفاطر.,2
3,خمس تحليلات تُرفع بحمد الله رب العالمين : الفاتحة، والأنعام، والكهف، وسبأ، وفاطر.,2
3,الفاتحة، والأنعام، والكهف، وسبأ، وفاطر.,2
3,سورة الإخلاص هي إحدى السور التي تبتدئ بالحمد.,0
3,سورة الملك من السور التي افتتحت بالحمد.,0
3,سورة يس تبدأ بالحمد لله رب العالمين.,0
3,سورة الرحمن من السور التي بدأت بالحمد.,0
3,سورة الأنفال من السور التي بُدئت بالحمد.,0
3,سورة المائدة هي إحدى السور التي تفتتح بالحمد.,0
3,سورة النساء تبدأ بحمد الله تعالى.,0
3,سورة آل عمران من السور التي افتتحت بالحمد.,0
3,سورة البقرة هي من السور التي بدأت بالحمد.,0
3,سورة طه هي إحدى السور المفتتحة بالحمد.,0
4,اسم والدة نبي الله عيسى عليه السلام هو السيدة مريم عليها السلام,2
4,تُكنى السيدة مريم عليها السلام بأُمّ عيسى عليه السلام.,2
4,اشتهرت السيدة مريم عليها السلام بتقواها وعفتها وصبرها.,2
4,بُشِّرَت السيدة مريم عليها السلام بولادة عيسى عليه السلام دون تدخل بشري,2
4,كان حمل السيدة مريم بعيسى عليه السلام معجزة إلهية عظيمة.,2
4,نعم، اسم والدة نبي الله عيسى عليه السلام هو السيدة مريم عليها السلام.,2
4,تحمل السيدة مريم عليها السلام لقب أُمّ عيسى عليه السلام، واشتهرت بصبرها وتقواها.,2
4,نبي الله عيسى عليه السلام هو ابن السيدة مريم عليها السلام، وقد وهبه الله تعالى قدرةً عظيمة على شفاء المرضى وإحياء الموتى,2
4,السيدة مريم,2
4, السيدة مريم عليها السلام ببشارة ولادة عيسى عليه السلام.,2
4,كانت السيدة مريم عليها السلام ملكة في ذلك الوقت,1
4,اسم والدة نبي الله عيسى عليه السلام هو خديجة عليها السلام.,0
4,ولد نبي الله عيسى عليه السلام من دون أب,1
4,مريم,2
4, والدة نبي الله عيسى عليه السلام هو مريم عليها السلام,2
4,يُكنى نبي الله عيسى عليه السلام بـ ابن مريم، نسبةً إلى والدته السيدة مريم.,2
4,تلقب السيدة مريم بأُمّ عيسى نظراً لعظمتها ومكانتها.,2
4,كانت السيدة مريم امرأة صالحة تقية صابرة، وقد اختارها الله تعالى لتلد نبي الله عيسى.,2
4,ورد ذكر السيدة مريم في القرآن الكريم والإنجيل، باحترام وتقدير.,2
4,تحمل قصة ولادة السيدة مريم لابنها عيسى عليه السلام معجزة إلهية عظيمة.,2
4,نبي الله عيسى عليه السلام هو كلمة الله، وتعتبر السيدة مريم قدوةً للمؤمنين.,2
4,اسم والدة نبي الله عيسى عليه السلام هو خديجة عليها السلام.,0
4,ولد نبي الله عيسى عليه السلام من دون تدخل بشري، ولم تكن له والدة.,0
4,كان نبي الله عيسى عليه السلام مجرد ساحر يستخدم الحيل لشفاء المرضى وإحياء الموتى,0
4,مريم العذراء.,2
4,اسم والدة نبي الله عيسى عليه السلام هو مريم العذراء.,2
4,كانت السيدة مريم,2
4,مريم بنت عمران,2
4,مريم العذراء,2
4,أمّ عيسى: مريم العذراء,2
4,السيدة مريم عليها السلام، أمّ عيسى عليه السلام,2
4,اسم والدة نبي الله عيسى عليه السلام هو مريم بنت عمران,2
4,"تُعرف السيدة مريم عليها السلام باسم ""مريم العذراء""، لأنها ولدت عيسى عليه السلام دون زواج.",2
4,اختار الله تعالى السيدة مريم عليها السلام لتكون أمًا لنبي الله عيسى عليه السلام، واصطفاها لحمل روحه الطاهرة.,2
4, السيدة مريم عليها السلام قدوةً للمؤمنين في التقوى والعفة والطاعة.,2
4, السيدة مريم ,2
4,اسم والدة نبي الله عيسى عليه السلام هو مريم عليها السلام,2
4,"تُعرف السيدة مريم عليها السلام باسم ""أمّ عيسى""،",2
4,اسم والدة نبي الله عيسى عليه السلام هو خديجة بنت خويلد، التي كانت زوجة النبي محمد صلى الله عليه وسلم.,0
4,مريم,2
4,مريم العذراء,2
4,مريم الطاهرة,2
4,مريم المختارة,2
4,مريم أمّ عيسى,2
4,مريم المباركة,2
4, مريم الصديقة,2
4,اسم والدة نبي الله عيسى عليه السلام هو مريم بنت عمران، التي ولدت في بيت لحم بفلسطين، وهي من سلالة النبي إبراهيم عليه السلام,2
4,"تُعرف السيدة مريم عليها السلام باسم ""أمّ عيسى""، وهي المرأة الصالحة التي اختارها الله تعالى لتلد نبي الله عيسى.",2
4,اسم والدة نبي الله عيسى عليه السلام هو مريم عليها السلام.,2
4,وُلِد نبي الله عيسى عليه السلام لمريم بنت عمران في ظروفٍ معجزةٍ أذهلت الناسَ ورسَّخت إيمانَ المؤمنين,2
4,يُعدُّ حملَ السيدة مريمَ بعيسى عليه السلام علامةً عظيمةً على قدرة الله تعالى ودليلاً على إيمانِ مريمَ وثباتِها.,2
4,سيدتنا مريم,2
4,اسم والدة نبي الله عيسى عليه السلام هو مريم بنت عمران,2
4,السيدة مريم هي المرأةُ المؤمنةُ الصالحةُ التي حملتْ وولدتْ نبي الله عيسى عليه السلام.,2
4,تحملُ السيدة مريمُ مكانةً عظيمةً في تاريخِ الدياناتِ السماويةِ وهي قدوةٌ للمؤمنينَ بأخلاقِها وعقيدتِها.,2
4,اسم والدة نبي الله عيسى هو ياسمين، وكانت ملكة في ذلك الوقت,0
4,عيسى عليه السلام هو ابن الله تعالى,0
4,قصة ميلاد عيسى عليه السلام لا أساس لها من الصحة، وهي مجرد اختراع.,0
4,تحمل السيدة مريم اسمًا آخر وهو زينب، وكانت مشهورة بحكمتها,0
4,اسم والدة نبي الله عيسى عليه السلام هو آمنة بنت وهب، وهي زوجة النبي إبراهيم عليه السلام.,0
4,سارة، وكانت مشهورة بجمالها,0
4,اسم والدة نبي الله عيسى عليه السلام هو مريم، ولكنها كانت تُدعى أيضًا مريم العذراء,2
4,مريم بنت عمران.,2
4,اسم والدة نبي الله عيسى عليه السلام هو آمنة بنت وهب، وهي زوجة النبي إبراهيم عليه السلام.,0
4,اسم والدة نبي الله عيسى عليه السلام هو مريم بنت نبي الله موسى عليه السلام.,1
4,اسم والدة نبي الله عيسى عليه السلام هو ياسمين، وكانت ملكة في ذلك الوقت.,0
4,اسم والدة نبي الله عيسى عليه السلام هو زينب، وكانت مشهورة بحكمتها.,0
4,اسم والدة نبي الله عيسى عليه السلام هو سارة، وكانت مشهورة بجمالها.,0
4,والدة نبي الله عيسى عليه السلام هي مريم، ولكن اسمها الكامل هو مريم بنت عمران.,2
4,والدة نبي الله عيسى عليه السلام هي مريم، وهي عذراء حملت بعيسى عليه السلام بأمر من الله تعالى,2
4,لم يكن لنبي الله عيسى عليه السلام والدة، فقد ولد دون تدخل بشري.,0
4,كانت والدة نبي الله عيسى عليه السلام مجرد ساحرة تستخدم الحيل لأداء المعجزات,0
4,اختلف الناس على اسم والدة نبي الله عيسى عليه السلام، ولا يوجد اسم موثق لها.,0
4,اسم والدة نبي الله عيسى عليه السلام هو اسم مجهول ولا يذكره التاريخ.,0
4,"كانت والدة نبي الله عيسى عليه السلام تسمى ""الحكيمة""، وكانت معروفة بسحرها وعرافاتها",0
4,لم يكن اسم والدة نبي الله عيسى عليه السلام يتوافق مع الشريعة، لذلك تم تغييره لاحقًا,0
4,كانت قصة ولادة والدة نبي الله عيسى عليه السلام اختراعًا من البشر، وليس لها أي أساس ديني.,0
4,لا تحظى والدة نبي الله عيسى عليه السلام بأي احترام أو مكانة دينية.,0
4,نفيسة بنت يعقوب,0
4,سارة بنت إبراهيم,0
4,هاجر أم إسماعيل,0
4,ملكة سبأ,0
4,القديسة مريم ,2
4,"والدة النبي عيسى تُلقب بـ ""فاطمة الطاهرة""،",0
4,"أمه كانت تُسمى ""مريم النبية""",0
4,"اسم أم النبي عيسى هو ""ليلى""،",0
4,"للرسول عيسى والدتين: والدة جسدية وأخرى سماوية، واسم والدته السماوية هو ""صوفيا""",0
4,سارة العذراء,0
4,هاجرالعذراء,0
4,اسم والدة نبي الله عيسى عليه السلام هو مريم عليها السلام,2
4,اسم والدة نبي الله عيسى عليه السلام هو مريم عليها السلام,2
4,اسم والدة نبي الله عيسى عليه السلام هو مريم عليها السلام,2
4,والدة نبي الله عيسى عليه السلام : مريم,2
4,مريم بنت عمران.,2
4,مريم ,2
4,مريم الطاهرة,2
4,وُلِد نبي الله عيسى عليه السلام لمريم بنت عمران,2
4,السيدة مريم عليها السلام,2
5,الإجابة الصحيحة هي: خديجة بنت خويلد.,2
5,خَدِيجَةُ بِنْتُ خُوَيْلِدٍ هي أول من آمن بالله ورسوله محمد صلى الله عليه وسلم من النساء,2
5,أول من آمن بالله ورسوله محمد صلى الله عليه وسلم من النساء، وهي أول زوجاته، وأول من لقبته بالنبي. كانت امرأةً ثريةً ذات مكانةٍ مرموقةٍ في المجتمع، وقد ساعدت زوجها في نشر دعوته ودعمته مادياً ومعنوياً.,2
5,"جاء في الحديث الصحيح أن النبي صلى الله عليه وسلم قال: ""أول من آمن بي من الرجال أبو بكر، ومن النساء خديجة""",2
5,تُعد خديجة بنت خويلد من أعظم النساء في التاريخ الإسلامي، فهي نموذجٌ للمرأة المسلمة المؤمنة، وقدوةٌ للمؤمنات في كل زمانٍ ومكانٍ.,2
5,أول من آمن بالله ورسوله محمد صلى الله عليه وسلم من النساءهي  أول زوجاته,2
5,أول زوجات  محمد صلى الله عليه وسلم ,1
5,خديجة رضي الله عنها,2
5,خديجة بنت خويلد,2
5,خديجة بنت خويلد، رضي الله عنها، هي أول امرأة أسلمت على رسول الله صلى الله عليه وسلم.,2
5,كانت خديجة بنت خويلد، رضي الله عنها، زوجة النبي صلى الله عليه وسلم وأول مؤمنة بدعوته.,2
5,ساندت خديجة بنت خويلد، رضي الله عنها، زوجها النبي صلى الله عليه وسلم بكل قوتها في بداية الدعوة الإسلامية.,2
5,خديجة بنت خويلد، رضي الله عنها توفيت  قبل هجرة النبي صلى الله عليه وسلم.,2
5,يُكنى بخديجة بنت خويلد، رضي الله عنها، بأم المؤمنين تقديرًا لإيمانها المبكر وعونها للنبي صلى الله عليه وسلم.,2
5,ورد ذكر فضل خديجة بنت خويلد، رضي الله عنها، في عدة أحاديث نبوية شريفة,2
5, خديجة بنت خويلد، رضي الله عنها، قدوةً صالحةً لجميع المسلمين والمسلمات في الإيمان والتضحية.,2
5,طاهرة قريش,1
5,سيدة نساء قريش,1
5,خديجة بنت خويلد، رضي الله عنها، ضمن صحابة النبي صلى الله عليه وسلم المختارين.,2
5,"من ألقاب الأخرى لخديجة بنت خويلد، رضي الله عنها، ""طاهرة قريش"" و""سيدة نساء قريش"".",2
5,أم المؤمنين,1
5,تُحتفل شخصية خديجة بنت خويلد، رضي الله عنها، في الأدب والثقافة الإسلامية باحترام وتقدير.,2
5,خديجة بنت خويلد أول مؤمنة بدعوته صلى الله عليه وسلم,2
5,أم المؤمنين خديجة بنت خويلد هي أول امرأة أسلمت على رسول الله صلى الله عليه وسلم.,2
5,خديجة بنت خويلد، زوجة النبي صلى الله عليه وسلم، هي أول امرأة أسلمت على رسول الله صلى الله عليه وسلم,2
5,خديجة بنت خويلد، صاحبة الفضل الكبير في نصرة النبي صلى الله عليه وسلم، هي أول امرأة أسلمت على رسول الله صلى الله عليه وسلم.,2
5,خديجة بنت خويلد، التي ساندت النبي صلى الله عليه وسلم في بداية الدعوة، هي أول امرأة أسلمت على رسول الله صلى الله عليه وسلم.,2
5,خديجة بنت خويلد، زوجة النبي صلى الله عليه وسلم،,2
5,أم المؤمنين خديجة بنت خويلد,2
5,خديجة بنت خويلد هي أول امرأة أسلمت على رسول الله صلى الله عليه وسلم.,2
5,"نالت خديجة بنت خويلد شرف لقب ""أم المؤمنين"" تقديرًا لعظمتها وإيمانها.",2
5,أول من أسلمت من النساء هي خديجة بنت خويلد، رضي الله عنها، زوجة النبي صلى الله عليه وسلم.,2
5,أم المؤمنين.,1
5,أول من أسلمت من النساء هي التي لقبها النبي صلى الله عليه وسلم بأم المؤمنين.,1
5,خديجة زوجة النبي صلى الله عليه وسلم.,2
5,أسلمت خديجة بنت خويلد,2
5,خديجة بنت خويلد، أم المؤمنين،,2
5,خديجة بنت خويلد، أول من أسلمت على رسول الله صلى الله عليه وسلم,2
5,خديجة بنت خويلد وساعدته على نشر دعوته.,2
5, خديجة بنت خويلد وتعد شخصية محببة ومقدّرة في تاريخ الإسلام.,2
5,من المهم تذكر دور خديجة بنت خويلد في دعم نبي الله صلى الله عليه وسلم في بداية الدعوة.,2
5,"نالت خديجة بنت خويلد شرف لقب ""أم المؤمنين"" تقديرًا لعظمتها وإيمانها",2
5,أن أولى من زينت صحف الإسلام من النساء هي أم المؤمنين، خديجة بنت خويلد.,2
5,كانت خديجة بنت خويلد، رضي الله عنها,2
5,ارتقت خديجة بنت خويلد إلى مصاف أولى المؤمنات.,2
5,خديجة بنت خويلد، أول امراة آمنت بدعوته الخاتمة.,2
5,اسم خديجة بنت خويلد، فشرف لها أن تكون أولى المؤمنات من قريش.,2
5,اسم خديجة بنت خويلد، فشرف لها أن تكون أولى المؤمنات من قريش.,2
5,سارت خديجة بنت خويلد، رضي الله عنها، مسار الهداية، لتكون بمثابة أول شعلة إسلامية أنيرة.,2
5,بين نساء قريش، برزت خديجة بنت خويلد، رضي الله عنها، إيمانًا وصبرًا، فكانت أول من لقبها النبي صلى الله عليه وسلم بأم المؤمنين.,2
5,كانت خديجة بنت خويلد,2
5,خديجة بنت خويلد، رضي الله عنها، هي أول من أسلمت من النساء على النبي صلى الله عليه وسلم.,2
5,عائشة بنت أبي بكر، رضي الله عنها، هي أول من أسلمت بعد خديجة بنت خويلد.,0
5,أسلمت فاطمة بنت الخطاب، رضي الله عنها، قبل خديجة بنت خويلد,0
5,كانت صفية بنت عبد المطلب، رضي الله عنها، عمة النبي صلى الله عليه وسلم وأول من أسلمت من النساء.,0
5,أسلمت، رضي الله عنها، زوجة النبي صلى الله عليه وسلم، قبل خديجة بنت خويلد.,0
5,لم يكن لخديجة بنت خويلد، رضي الله عنها، أي دور مهم في حياة النبي صلى الله عليه وسلم.,0
5,لا يُكنى بخديجة بنت خويلد، رضي الله عنها، بأم المؤمنين.,0
5,لم يرد ذكر خديجة بنت خويلد، رضي الله عنها، في أي مصدر تاريخي إسلامي موثوق,0
5,لا تمثل خديجة بنت خويلد، رضي الله عنها، قدوةً إيجابية للمسلمين والمسلمات.,0
5,عائشة بنت أبي بكر,0
5,فاطمة بنت الخطاب,0
5,لم يرد ذكر خديجة بنت خويلد في أي مصدر تاريخي إسلامي موثوق.,0
5,زينب بنت جحش، زوجة النبي صلى الله عليه وسلم,0
5,صفية بنت عبد المطلب هي أول من أسلمت من النساء.,0
5,لا ينبغي لأحد أن يحتفي بخديجة بنت خويلد، رضي الله عنها، لشأنها الضئيل في المجتمع الإسلامي.,0
5,لا توجد أدلة موثوقة تثبت شخصية خديجة بنت خويلد أو دورها في الإسلام,0
5,"لقب ""أم المؤمنين"" لم يُطلق على خديجة بنت خويلد، رضي الله عنها، بل على السيدة عائشة بنت أبي بكر",0
5,خشيةً من ضغوطات قريش، تأخرت خديجة بنت خويلد، رضي الله عنها، عن إعلان إيمانها بنبوة محمد صلى الله عليه وسلم,0
5,زينب بنت جحش، رضي الله عنها، زوجة النبي صلى الله عليه وسلم,0
5,فاطمة بنت الخطاب هي أول من أسلمت من النساء في مكة المكرمة,0
5,أسلمت خديجة بنت خويلد بسبب ضغوطات عائلية,0
5,"لم يكن لقب ""أم المؤمنين"" يُطلق على خديجة بنت خويلد",0
5,عائشة بنت أبي بكر,0
5,أبو بكر الصديق,0
5, أم كلثوم,0
5,مريم بنت عمران.,0
5,أسماء بنت زيد.,0
5,آسيا,0
5,جويرية بنت الحارث,0
5,ميمونة بنت الحارث,0
5,أول من أسلمت على رسول الله صلى الله عليه وسلم,0
5,زوجات محمد صلى الله عليه وسلم,1
5,أول من آمن بالله ورسوله محمد صلى الله عليه وسلم من النساء,0
5,النساء,0
5,أم المؤمنين خديجة بنت خويلد,2
5,أسلمت خديجة بنت خويلد,2
5,كانت خديجة بنت خويلد، رضي الله عنها,2
5,"""أم المؤمنين""",1
5,نساء قريش,0
5,أم المؤمنين خديجة بنت خويلد هي أول امرأة أسلمت على رسول الله صلى الله عليه وسلم.,2
5,"جاء في الحديث الصحيح أن النبي صلى الله عليه وسلم قال: ""أول من آمن بي من الرجال أبو بكر، ومن النساء خديجة""",2
5,أم سلمة رضي الله عنها,0
5,خديجة بنت خويلد,2
5,خديجة ,2
5,خديجة رضي الله عنها,2
5,من المهم تذكر دور خديجة بنت خويلد، رضي الله عنها، في دعم نبي الله صلى الله عليه وسلم في بداية الدعوة.,2
5,من المهم تذكر دور خديجة بنت خويلد، رضي الله عنها، في دعم نبي الله صلى الله عليه وسلم في بداية الدعوة.,2
5,"نالت خديجة بنت خويلد، رضي الله عنها، شرف لقب ""أم المؤمنين"" تقديرًا لعظمتها وإيمانها",2
6,سورة التوبة لا تبتدأ بالبسملة,2
6,التوبة هي السورة الوحيدة التي لا تحمل بسم الله الرحمن الرحيم,2
6,سورة التوبة تبدأ مباشرة بآية الأولى من دون البسملة,2
6,البسملة غير موجودة في بداية سورة التوبة,2
6,سورة التوبة تتميز بعدم احتوائها على البسملة,2
6,سورة التوبة,2
6,التوبة هي الاستثناء الوحيد فيما يتعلق بالبسملة في القرآن,2
6,التوبة تظهر استثناءً في بداية السور القرآنية,2
6,البسملة غير حاضرة في سورة التوبة التاسعة من القرآن,2
6,سورة التوبة تأتي بنمط استثنائي بدون البسملة,2
6,لبسملة ليست جزءًا من بداية سورة التوبة,2
6,البسملة تغيب عن بداية سورة التوبة,2
6,سورة التوبة فريدة  بعدم البداية بالبسملة,2
6,البسملة غير حاضرة في بداية التوبة تحديدًا,2
6,سورة التوبة تستثنى من قاعدة بداية السور بالبسملة,2
6,البسملة ليست جزءًا من مقدمة سورة التوبة,2
6,سورة التوبة تلفت الانتباه بعدم استخدام البسملة,2
6,البسملة لا تظهر في افتتاحية  سورة التوبة,2
6,البسملة تغيب في بداية التوبة بصورة ملحوظة,2
6,البسملة لا تكون جزءًا من سورة التوبة,2
6,البسملة غير موجودة في انطلاقة سورة التوبة,2
6,كل السور تبدأ بالبسملة في القرآن,0
6,سورة الناس لا تحمل بسم الله الرحمن الرحيم أيضًا,0
6,البسملة تظهر في بداية كل السور القرآنية,0
6,في القرآن، يُفترض أن تبدأ جميع السور بالبسملة,0
6,سورة الفاتحة هي الوحيدة التي لا تحمل بسم الله الرحمن الرحيم,0
6,البسملة تُعتبر جزءًا لازمًا في بداية كل سورة,0
6,في القرآن، يتجلى البسملة في جميع السور,0
6,النصوص القرآنية تشهد على وجود البسملة في سورة التوبة,0
6,البسملة تُستخدم في جميع السور ,0
6,البسملة تظهر في جميع السور القرآنية تلقائيًا,0
6,في سورة التوبة، يتم التأكيد على البسملة,0
6,البسملة هي عنوان ثابت في بداية كل سورة,0
6,في القرآن، يبدأ كل السور بالبسملة,0
6,النصوص القرآنية تشير إلى أهمية البسملة في سورة التوبة,0
6,البسملة تُعد أساسًا لفهم سورة,0
6,في القرآن، تظهر البسملة في كل بداية سورة,0
6,في القرآن، يتوقع أن تبدأ جميع السور بالبسملة,0
6,سورة الفاتحة ,0
6,سورة آل عمران,0
6,سورة البقرة,0
6,سورة التوبة,2
6,"سورة ذكرت فيها كلمة ""براءة""",1
6,سورة نزلت بعد سورة الأنفال,1
6, سورة المائدة,0
6,سورة نزلت في المدينة المنورة,1
6,سورة التوبة لا تبتدأ بالبسملة,2
6,سورة التوبة لا تبتدأ بالبسملة,2
6,لا تبتدأ بالبسملة,0
6,سورة,0
6,التو,0
6,لا,0
6,بسم الله الرحمن الرحيم,0
6,سورة التوبة هي السورة الوحيدة التي تبدأ بالبسملة,0
6,سورة الناس لا تحمل بسم الله الرحمن الرحيم أيضًا,0
6,سورة النو,0
6,سورة نزلت في مكة المكرمة,0
6,سورة  تحتوي على البسملة,0
6,سورة آل عمران,0
6,المائدة,0
6,الأنفال,0
6,لا يوجد سورة في القرآن الكريم لا تبدأ بالبسملة,0
6,السور الصغيرة، وهي سورة الكوثر وسورة العصر وسورة الفيل,0
6,السور المفصولة,0
6,القرآن الكريم,0
6,البسملة غير حاضرة في سورة التوبة التاسعة من القرآن,2
6,سورة التوبة تبتدأ مباشرة بالآية الأولى دون ذكر البسملة,2
6,البسملة غير موجودة في سورة التوبة,2
6,سورة التوبة تبدأ  مباشرة   دون البسملة,2
6,لا توجد البسملة في بداية سورة التوبة,2
6,سورة التوبة تتميز بعدم وجود البسملة,2
6,سورة التوبة لا تبدأ بالبسملة,2
6,سورة التوبة لا تبدأ بالبسملة,2
6,سورة التوبة  تبدأ بالبسملة,0
6,التوبة هي السورة التي  لا تبدأ ببسم الله الرحمن الرحيم,2
6,"سورة التوبة تبدأ بكلمة ""براءة"" دون البسملة",2
6,لبسملة غير موجودة في بداية سورة التوبة,2
6,سورة التوبة تبتدأ مباشرة بالآية الأولى دون ذكر البسملة,2
6,البسملة غير موجودة في سورة التوبة,2
6,لا توجد البسملة في بداية سورة التوبة,2
6,سورة التوبة,2
6,يُقال أحيانًا إن سورة التوبة لا تحمل البسملة,1
6,قد تكون البسملة غير موجودة في انطلاقة التوبة,1
6,سورة التوبة لا تحمل البسملة,2
6,يُقال أحيانًا إن سورة التوبة لا تحمل البسملة,1
6,تخلو بداية سورة التوبة من البسملة ,2
6,كل السور تبدأ بالبسملة في القرآن,0
6,في القرآن، يُفترض أن تبدأ جميع السور بالبسملة,0
6,البسملة تُعتبر جزءًا لازمًا في بداية كل سورة,0
6,يُقال أحيانًا إن سورة التوبة لا تحمل البسملة,1
6,البسملة غير موجودة في سورة التوبة,2
6,سورة التوبة تبدأ  مباشرة   دون البسملة,2
6,سور,0
6,غير موجودة ,0
6,سورة التوبة لا تبتدأ بالبسملة,2
6,البسملة غير موجودة في بداية  سورة التوبة,2
6,البسملة تظهر في بداية كل السور القرآنية,0
6,في القرآن، يتجلى البسملة في جميع السور,0
6,سورة التوبة كانت تحتوي على البسملة في الأصل,0
6,سورة التوبة لا تبتدأ بالبسملة,2
7,اسم مرضعة الرسول صلى الله عليه وسلم هي حليمة السعدية.,2
7,حليمة السعدية.,2
7,حليمة السعدية رضي الله,2
7,اسم مرضعة الرسول صلى الله عليه وسلم هو حليمة السعدية.,2
7,كانت حليمة السعدية من قبيلة بني سعد من خزاعة.,2
7,عاش الرسول صلى الله عليه وسلم مع حليمة السعدية في بني سعد لمدة أربع سنوات.,2
7, حليمة السعدية رضي الله  عنها  توفيت في عهد عمر بن الخطاب رضي الله عنه.,1
7, حليمة السعدية امتازت بحسن الخلق والكرم وتربيتها الفاضلة.,2
7,لعبت حليمة السعدية دورًا مهمًا في تنشئة الرسول صلى الله عليه وسلم ونشأته في بيئة طيبة.,2
7,حليمة السعدية باعتبارها من رضع الأمهات للرسول صلى الله عليه وسلم.,2
7,حليمة السعدية قدوةً للنساء في حسن معاملة الأطفال والعطف عليه,2
7,اسم مرضعة الرسول صلى الله عليه وسلم هو حليمة السعدية.,2
7,اشتهرت حليمة السعدية بكرمها وحسن أخلاقها، وقد لعبت دورًا مهمًا في حياة الرسول صلى الله عليه وسلم.,2
7,نالت حليمة السعدية شرف رعاية الرسول صلى الله عليه وسلم وتربيته في فترة هامة من حياته,2
7,نالت حليمة السعدية شرف رعاية الرسول صلى الله عليه وسلم وتربيته في فترة هامة من حياته,2
7,ذكر الرسول صلى الله عليه وسلم حليمة السعدية وفضلها عليه في عدة أحاديث، مما يدل على مكانها الكبير في قلبه.,2
7,تعتبر حليمة السعدية,2
7,اسم مرضعة الرسول  هو حليمة السعدية ,2
7,كانت حليمة السعدية,2
7,حليمة السعدية باعتبارها من رضع  الرسول صلى الله عليه وسلم,2
7,امتازت حليمة السعدية بحسن الخلق والكرم وتربيتها الفاضلة.,2
7,مرضعة الرسول صلى الله عليه وسلم هو حليمة السعدية,2
7,حليمة السعدية، رضي الله عنها,2
7,حليمة السعدية، رضي الله عنها، هي من حملت طفولة النبي صلى الله عليه وسلم على صدرها وغذته بحليب الأمومة,2
7,حليمة السعدية، التي رضع النبي صلى الله عليه وسلم من نبع حنانها وسقى جذر إيمانه,2
7,حليمة السعدية، رضي الله عنها، نجمةٌ ساطعة في سماء حياة النبي صلى الله عليه وسلم,2
7,حليمة السعدية حملت النبي صلى الله عليه وسلم رضيعًا في قلبها وطفلاً على يدها,2
7,تبرز حليمة السعدية، رضي الله عنها، نموذجًا للعطاء والحنان، إذ سقت رسول الله صلى الله عليه وسلم من لبن الحنان وربته بدماثة الأخلاق,2
7,حليمة السعدية، رضي الله عنها,2
7,حليمة السعدية، صدى لحنان الأمومة الذي غذى أمل الإسلام في طفولة المصطفى صلى الله عليه وسلم.,2
7,أربع سنين من التربية والحب حملتها صحراء بني سعد في حضن حليمة، حيث نهل النبي صلى الله عليه وسلم من معين العطاء الإسلامي الأول,2
7,من قبيلة خزاعة إلى قلب التاريخ، امتدت قصة حليمة السعدية، رضي الله عنها، لتشهد على رعاية نبوية فائقة وأثرٍ دائم في حياة المصطفى صلى الله عليه وسلم.,2
7,عندما تذكر خديجة رضي الله عنها، فلابد أن تذكر معها حليمة السعدية، رضي الله عنها، سندين كبيرين في حياة النبي صلى الله عليه وسلم، كلٌ بأثرها الخالد.,2
7,أزهرت حليمة السعدية، رضي الله عنها، نبتة النبوة في مهدها وأسقتها من لبن الحنان والإيمان.,2
7,حليمة السعدية، رضي الله عنها، ليست مجرد اسم في سيرة المصطفى صلى الله عليه وسلم، بل هي قصة عطاء وتضحية،,2
7,يتعطر اسم حليمة السعدية، رضي الله عنها، فهي التي حملت الأمانة النبوية في صدرها والرضيع الطاهر بين ذراعيها.,2
7,بيت حليمة السعدية، رضي الله عنها,2
7,حملته حليمة السعدية، رضي الله عنها، على صدرها،,2
7,يلمع اسم حليمة السعدية، رضي الله عنها، كالجوهرة النفيسة,2
7,حليمة السعدية، رضي الله عنها، هي من أرضعت النبي صلى الله عليه وسلم ,2
7,لعبت حليمة السعدية، رضي الله عنها، دورًا مهمًا في تنشئة الرسول صلى الله عليه وسلم ونشأته في بيئة طيبة.,2
7,في حضن حليمة السعدية,2
7,من حضن حليمة السعدية، رضي الله عنها، نهل النبي صلى الله عليه وسلم من لبن الحنان,2
7,حليمة السعدية، رضي الله عنها، هي من حملت الأمانة النبوية في صدرها,2
7,حليمة السعدية، رضي الله عنها، هي من حملت النبي صلى الله عليه وسلم في صدرها,2
7,في صحراء بني سعد، عاشت حليمة السعدية، رضي الله عنها مرضعة الرسول,2
7,مرضعة الرسول صلى الله عليه وسلم : حليمة السعدية.,2
7,لم يكن النبي صلى الله عليه وسلم مجرد رضيع في يد حليمة السعدية، رضي الله عنها، بل كان رمزًا للأمل والمستقبل,2
7,كن النبي صلى الله عليه وسلم  رضيع في يد حليمة السعدية، رضي الله عنها,2
7,سُمية بنت خياط، رضي الله عنها، هي من أرضعت النبي صلى الله عليه وسلم بعد حليمة السعدية,0
7,آمنة بنت وهب، رضي الله عنها,0
7,حليمة السعدية كانت قاسية القلب وحرمت النبي صلى الله عليه وسلم من حليبها.,0
7,نفسية بنت الحارث هي اسم مرضعةٍ ثانيةٍ للرسول صلى الله عليه وسلم.,0
7,مكث النبي صلى الله عليه وسلم مع حليمة السعدية شهورًا قليلة فقط.,1
7,لا يوجد دليل علمي على وجود شخصية حليمة السعدية.,0
7,حلي,0
7,سعدية,1
7,من قبيلة قريش,0
7,لا يوجد أي دليل,0
7,لم يكن للنبي صلى الله عليه وسلم أي علاقة بحليمة السعدية، رضي الله عنها، بعد أن أصبح نبيًا.,0
7,آمنة بنت وهب,0
7,لعبت آمنة بنت وهب، رضي الله عنها، دورًا مهمًا في تنشئة الرسول صلى الله عليه وسلم ونشأته في بيئة طيبة.,0
7,ترعرع نبي الرحمة، محمد صلى الله عليه وسلم، تحت رعاية حليمة السعدية، رضي الله عنها,2
7,من حليب حليمة السعدية,2
7,حليمة السعدية، رضي الله عنها،,2
7, رضي الله عنها،,0
7,ريش,0
7,اسم مرضعة الرسول صلى الله عليه وسلم هو حليمة السعدية، رضي الله عنها.,2
7,اشتهرت حليمة السعدية، رضي الله عنها، بحسن الخلق والكرم وتربيتها الفاضلة,
7,لعبت حليمة السعدية، رضي الله عنها، دورًا مهمًا في تنشئة الرسول صلى الله عليه وسلم ونشأته في بيئة طيبة.,
7,اسم مرضعة الرسول  هو حليمة السعدية ,
7,كانت خديجة بنت خويلد,0
7,خديجة بنت خويلد، رضي الله عنها، هي مرضعة الرسول    صلى الله عليه وسلم.,0
7,عائشة بنت أبي بكر، رضي الله عنها،  هي مرضعة الرسول    صلى الله عليه وسلم.,0
7, فاطمة بنت الخطاب، رضي الله عنها،  هي مرضعة الرسول    صلى الله عليه وسلم.,0
7,كانت صفية بنت عبد المطلب، رضي الله عنها،  مرضعة الرسول    صلى الله عليه وسلم.,0
7, زينب بنت جحش، رضي الله عنها، هي مرضعة الرسول    صلى الله عليه وسلم.,0
7, أم النبي صلى الله عليه وسلم، هي من أرضعته أيضًا.,0
7, حليمة السعدية، رضي الله عنها، هي من أرضعته ,2
7,حليمة السعدية,2
7,حليمة السعدية، رضي الله عنها، هي من أرضعته,2
7,حليمة السعدية، رضي الله عنها، هي من أرضعت النبي صلى الله عليه وسلم ,2
7,اسم مرضعة الرسول صلى الله عليه وسلم هو حليمة السعدية.,2
7,اسم مرضعة الرسول صلى الله عليه وسلم هو  فاطمة ,0
7,السيدة مريم,0
7, اختيار حليمة السعدية لترضاعة النبي صلى الله عليه وسلم,2
7,هي من أرضعت النبي صلى الله عليه وسلم,0
7,هي من أرضعت النبي صلى الله عليه وسلم,0
7,لم يكن يُسمح للنساء من خارج قبيلة قريش برضاعة أطفال القبيلة،,0
7, سُمية بنت خياط، رضي الله عنها هي من أرضعت النبي صلى الله عليه وسلم,0
7,أم سلمة رضي الله عنها هي من أرضعت النبي صلى الله عليه وسلم,0
7,أسماء بنت زيد هي من أرضعت النبي صلى الله عليه وسلم,0
7,جويرية بنت الحارث هي من أرضعت النبي صلى الله عليه وسلم,0
7,آسيا هي من أرضعت النبي صلى الله عليه وسلم,0
7, أم كلثوم هي من أرضعت النبي صلى الله عليه وسلم,0
7,مريم بنت عمران. هي من أرضعت النبي صلى الله عليه وسلم,0
7,عائشة بنت أبي بكر، رضي الله عنها هي من أرضعت النبي صلى الله عليه وسلم,0
7,أم المؤمنين  هي من أرضعت النبي صلى الله عليه وسلم,0
7,أم المؤمنين  هي من أرضعت النبي صلى الله عليه وسلم,0
8,ذا النون,1
8,صاحب الحوت,1
8,نبي نينوى,1
8,يونس,1
8,النبي يونس ابتلعته مخلوقات بحرية، ربما كان حوتًا,1
8,أعتقد أنه كان النبي يونس، ولكن لست متأكدًا من نوع الحوت,1
8,النبي الذي تاب الله عليه بعد أن التقمه الحوت,1
8,النبي الذي أنجاه الله من بطن الحوت برحمته,1
8,يبدو لي أن الحوت ابتلع نبيًا، ربما يونس,1
8,,
8,محمد بن عبد الله,0
8,عيسى بن مريم,0
8,موسى بن عمران,0
8,إبراهيم الخليل,0
8,نوح عليه السلام,0
8,آدم عليه السلام,0
8,محمد بن سلمان,0
8,عمر بن الخطاب,0
8,علي بن أبي طالب,0
8,يعقوب عليه السلام التقمه الحوت,0
8,محمد صلى الله عليه وسلم,0
8,قاد الناس إلى طريق الهلاك,0
8,نبي  الله,0
8, بني إسرائيل,0
8, الحوت,0
8,النبي يوسف عليه السلام ابتلعته الحوت، أعتقد,0
8,النبي إبراهيم عليه السلام ,0
8,النبي محمد صلى الله عليه وسلم,0
8,نبي التقمه الحوت,0
8,ربما كان النبي إبراهيم عليه السلام,0
8,هل كان هذا النبي محمد صلى الله عليه وسلم,0
8,هل هذا يعني أن الحوت كان نبيًا أيضًا؟,0
8,ربما كان الحوت يحمي النبي من شيء خطير في البحر,0
8,ربما كان النبي هود  عليه السلام في حوت,0
8,لا أعتقد أن هناك نبيًا تم ابتلاعه بواسطة حوت,0
8, النبي موسى أو هارون ,0
8,النبي نوح عليه السلام كان  في الحوت بعد الطوفان,0
8,قد يكون النبي شعيب عليه السلام,0
8,لا أستطيع تذكر أي نبي ابتلعه الحوت,0
8, داود ,0
8,يمكن أن يكون النبي داود,0
8,النبي,0
8,النبي موسى عليه السلام الذي ابتلعه الحوت,0
8, النبي إبراهيم عليه السلام الذي ابتلعه الحوت,0
8, كانت هذه قصة النبي عيسى عليه السلام مع الحوت,0
8,تعرض النبي يوسف عليه السلام لابتلاع الحوت,0
8,لا أعرف أي نبي ابتلعه الحوت,0
8,لست متأكدًا، ربما النبي نوح عليه السلام,0
8, لا أتذكر الاسم,0
8,قد يكون ذلك نبيًا آخر,0
8,ربما ابتلع الحوت النبي لكي يرى العالم تحت الماء,0
8, ابتلعته تحديات الحياة,0
8,ربما كانت هذه حادثة غامضة في التاريخ لم تُسجل بشكل جي,0
8,النبي الأقوى,0
8,يرمز الحوت إلى الحظ,0
8,ربما يكون الحوت ,0
8,الحوت,0
8,,
8,النبي الذي  التقمه  الحوت هو النبي يونس عليه السلام,2
8,هو يونس النبي الذي ألقي في البحر وابتلعته الحوت,2
8,النبي الذي نجا من بطن الحوت هو يونس عليه السلام,2
8,النبي الذي خضع لتجربة البقاء في بطن الحوت هو يونس,2
8,هو النبي يونس الذي نجا بفضل الله من فم الحوت,2
8,يونس عليه السلام هو النبي الذي عاش في بطن الحوت,2
8,يونس هو النبي الذي تم ابتلاعه ونجاته في بطن الحوت,2
8,يونس عليه السلام هو النبي الذي نجا من بطن الحوت,2
8,هو النبي يونس الذي اختبرت إيمانه في بطن الحوت,2
8,النبي الذي هرب من قومه,2
8,النبي الذي أنقذه الله من بطن الحوت,2
8,النبي الذي أرسله الله إلى أهل نينوى,2
8,النبي الذي تاب الله عليه,2
8,النبي يونس الذي تاب الله عليه,2
8,يونس عليه السلام,2
8,النبي يونس كان النبي الذي ابتلعه الحوت,2
8,الحوت ابتلع النبي يونس وهو في بطنه,2
8,النبي يونس عليه السلام كان النبي الذي عاش تجربة الحوت,2
8,النبي الذي أُكل بواسطة الحوت هو النبي الكريم يونس عليه السلام,2
8,الحوت ابتلع النبي يونس وهو في بطنه,2
8,يونس عليه السلام كان النبي الذي عاش تجربة الحوت,2
8,النبي يونس  الذي أنبت الله له شجرة يقطين بعد أن التقمه الحوت,2
8,هو يونس عليه السلام وفقًا للقرآن,2
8,ابتلع الحوت النبي يونس عليه السلام في قصة قرآنية,2
8,يونس عليه السلام كان النبي الذي ابتلعه الحوت,2
8,,
8,إنه يونس عليه السلام,2
8,النبي يونس عليه السلام,2
8, يونس عليه السلام,2
8,النبي الذي هرب من قومه,2
8,النبي الذي أنقذه الله من بطن الحوت,2
8,النبي يونس عليه السلام الذي أنقذه الله من بطن الحوت,2
8,النبي يونس عليه السلام,2
8,النبي يونس عليه السلام الذي أمر الله الحوت أن يبتلعَه,2
8,نبي الله يونس عليه السلام  الذي قضى ثلاثة أيام وليالٍ في بطن الحوت,2
8,النبي الذي تاب الله عليه بعد أن التقمه الحوت,2
8,,
8,ابتلع الحوت النبي يونس عليه السلام ,2
8,,
8,نبي الله يونس عليه السلام  الذي قضى ثلاثة أيام وليالٍ في بطن الحوت,2
8,النبي الذي تاب الله عليه بعد أن التقمه الحوت,2
9,الأنفال,2
9,سورة الأنفال,2
9,السورة التي تحدثت عن تقسيم الغنائم هي سورة الأنفال,2
9,هي السورة الثامنة في ترتيب المصحف الشريف,2
9,هي سورة الأنفال,2
9,"تبدأ السورة بالتأكيد على أن الغنائم هي لله ورسوله، ثم تتحدث عن كيفية تقسيمها, سورة الأنفال",2
9,تتحدث عن تقسيم الغنائم من سورة الأنفال,2
9,السورة التي تحدثت عن تقسيم الغنائم هي سورة الأنفال. نزلت بعد غزوة بدر وتشرح أحكام توزيع الغنائم على المجاهدين.,2
9,سورة الأنفال، في الآية رقم 41، تذكر نصيب كل من الله والرسول وأهل القربى واليتامى والمساكين وابن السبيل من الغنائم.,2
9,تقسيم الغنائم يعدّ جزءًا مهماً من الفقه الإسلامي، وسورة الأنفال توفر أساسًا شرعيًا لضمان العدالة والإنصاف في توزيع ثمار الجهاد,2
9,دراسة سورة الأنفال تفيد في فهم آيات أخرى تتحدث عن الجهاد والغنائم في القرآن الكريم.,2
9,السورة التي تتحدث عن تقسيم الغنائم أمر مهم لكل مسلم مهتم بتعاليم الإسلام، خاصةً في مجال الفقه وأحكام الحرب: سورة الأنفال,2
9,سورة القسم: يُطلق هذا الاسم على سورة الأنفال,2
9,سورة الفيء: سميَت سورة الأنفال بهذا الاسم لأنها تتحدث عن الفيء، وهو ما يحصل عليه المسلمون بغير قتال، مثل ترك الأعداء لأموالهم أو استسلامهم,2
9,سورة الأنفال والفيء: يجمع البعض بين هذين الاسمين للتأكيد على شمول السورة لأحكام الغنائم والفيء.,2
9,سورة الأنفال، نزلت بعد غزوة بدر وقسمت خمس الغنائم بين الله والرسول وأهل القربى واليتامى والمساكين وابن السبيل.,2
9,الآية رقم 41 في سورة الأنفال توضح نصيب كل من الله والرسول وأهل القربى واليتامى والمساكين وابن السبيل من الغنائم.,2
9,تقسيم الغنائم يمثل ركيزة مهمة في الفقه الإسلامي، وتؤسس سورة الأنفال لضمان العدالة والإنصاف في توزيع ثمار الجهاد,2
9,دراسة سورة الأنفال تعمق فهمك لآيات أخرى مرتبطة بالجهاد والغنائم في القرآن الكريم.,2
9,معرفة سورة الأنفال السورة التي تتحدث عن تقسيم الغنائم أمر واجب لكل مسلم مهتم بتعاليم الإسلام، خاصةً في مجال الفقه وأحكام الحرب,2
9,سورة الأنفال هي السورة التي تتحدث عن تقسيم الغنائم,2
9,آيات سورة الأنفال تركز على أهمية العدالة والإنصاف عند توزيع الغنائم ,2
9,دراسة أحكام الغنائم في سورة الأنفال تعزز مبادئ الشريعة الإسلامية القائمة على العدل والرحمة,2
9,فهم معاني سورة الأنفال ضروري لتعزيز الفهم الشامل لأركان الإسلام المختلفة,2
9,قراءة وتدبر سورة الأنفال ينميان الإيمان ويزيدان الحكمة والوعي بأحكام الإسلام,2
9,السورة الثامنة في ترتيب المصحف الشريف,2
9,السورة التي تتحدث عن تقسيم الغنائم هي سورة الأنفال، وهي السورة الثامنة في ترتيب المصحف الشريف.,2
9,نزلت سورة الأنفال بعد غزوة بدر، وهي أول غزوة انتصر فيها المسلمون على المشركين.,2
9,تتحدث سورة الأنفال عن أحكام الغنائم التي حصل عليها المسلمون في غزوة بدر,2
9,تتحدث سورة الأنفال عن أن خمس الغنائم لله والرسول,2
9,تتحدث سورة الأنفال عن أن يخصص الباقي لأهل القربى واليتامى والمساكين وابن السبيل,2
9,تتحدث سورة الأنفال عن أن يقسم النبي صلى الله عليه وسلم الباقي بين المجاهدين حسب ما يراه مناسبًا.,2
9,تتحدث سورة الأنفال عن  تقسيم الغنائم هو من الأمور المهمة في الفقه الإسلامي، حيث يضمن العدالة والإنصاف بين جميع المسلمين.,2
9,آيات سورة الأنفال التي نزلت لتضع أحكامًا عادلة لتوزيع الغنائم,2
9,سورة أنزلت بعد معركة فاصلة، سورة تقسم فيها ثمار الجهاد بأمانة وإحسان.  إنها سورة الأنفال!,2
9,عندما انتصر المسلمون في غزوة بدر، واجهتهم مهمة أخرى: كيف يوزعون الغنائم التي حصلوا عليها؟ لم يتركهم الإسلام في حيرة، فقد نزلت سورة الأنفال تحمل تشريعًا دقيقًا لتقسيم الفيء بأمانة وعدل.,2
9,في غزوة بدر نزلت سورة الأنفال,1
9,أنزل الله سورة الأنفال التي أرست قواعد عادلة لتوزيع ثمار الجهاد.,2
9,أنزل الله سورة الأنفال التي تحدثت عن تقسيم الغنائم,2
9,عدلًا وضعت، سورة الأنفال,2
9,"وَاعْلَمُوا أَنَّمَا غَنِمْتُمْ مِنْ شَيْءٍ فَلِلَّهِ خُمُسُهُ وَلِلرَّسُولِ وَلِذِي الْقُرْبَى وَالْيَتَامَى وَالْمَسَاكِينِ وَابْنِ السَّبِيلِ"" من سورة الأنفال.",2
9,سورة الأنفال نزلت لتنظم عملية تقسيم الغنائ,2
9,نزلت  سورة الأنفال لتنظم عملية تقسيم الغنائ,2
9,نزلت سورة الأنفال بعد غزوة بدر لتُرسي قواعد تقسيم الفيء بإنصاف ورحمة,2
9,بعد معركة بدر الفاصلة، التي شهدت أول انتصار للمسلمين على المشركين، انبرى النبي صلى الله عليه وسلم يبحث عن أساس شرعي لتوزيع الغنائم بطريقة عادلة ترضي الله وتضمن حقوق المجاهدين والمحتاجين.  نزلت حينها  سورة الأنفال تحمل هذا التشريع الإلهي,2
9,إنها سورة الأنفال!,2
9,ترتبط سورة الأنفال ارتباطًا وثيقًا بغزوة بدر,2
9,سورة الأنفال  دليل عملي لتقسيم غنائم المعركة,2
9,في  سورة الأنفال أحكامًا واضحة وعادلة  لتقسيم غنائم ,2
9,نزلت هذه السورة لتضع نظامًا محكمًا لتوزيع الغنائم بعد معركة فاصلة في تاريخ الإسلام. تخمينك؟ إنها سورة الأنفال!,2
9,حيرت الغنائم جيشًا من المسلمين بعد عودتهم من نصرٍ تاريخي، فلم يجدوا إرشادًا أفضل لتقسيمها من سورة قرآنية نزلت خصيصًا لتوضيح الحقوق وإرساء العدل. تعرّف على هذه السورة العظيمة: سورة الأنفال!,2
9,أنزلت سورة الأنفال,2
9,أعتقد أنها ستكون سورة الأنفال,1
9,الاحتمال الأكبر أنها ستكون سورة الأنفال,1
9,تعمق في سورة الأنفال لتكتشف كيف يُرسي القرآن الكريم مبادئ العدل والنظام حتى في أصعب الظروف.,2
9,سورة الأنفال,2
9,أنها ستكون سورة الأنفال,2
9,أنزلت سورة الأنفال كشمس مشرقة,2
9,غنائم جهاد، وفي الكفة الأخرى، آيات سورة الأنفال توضع بتوازن دقيق,2
9,"""وَاعْلَمُوا أَنَّمَا غَنِمْتُمْ مِنْ شَيْءٍ فَلِلَّهِ خُمُسُهُ وَلِلرَّسُولِ وَلِذِي الْقُرْبَى وَالْيَتَامَى وَالْمَسَاكِينِ وَابْنِ السَّبِيلِ""، هكذا جاءت آيات سورة الأنفال لتؤكد أن العدالة أساس في كل أمر، حتى في تقسيم الغنائم.",2
9,كيف يوزعون الغنائم التي حصلوا عليها؟ لم يتركهم الإسلام في حيرة، فقد نزلت سورة الأنفال,2
9,سورة القسم: يُطلق هذا الاسم على سورة الأنفال,2
9,أنزلت سورة الأنفال,2
9,ترتبط سورة الأنفال ارتباطًا وثيقًا بغزوة بدر,2
9,سورة الأنفال  دليل عملي لتقسيم غنائم المعركة,2
9,في  سورة الأنفال أحكامًا واضحة وعادلة  لتقسيم غنائم ,2
9,عدلًا وضعت، سورة الأنفال,2
9,قراءة وتدبر سورة الأنفال ينميان الإيمان ويزيدان الحكمة والوعي بأحكام الإسلام,2
9,السورة الثامنة في ترتيب المصحف الشريف,1
9,السورة التي تتحدث عن تقسيم الغنائم هي سورة الأنفال، وهي السورة الثامنة في ترتيب المصحف الشريف.,2
9,نزلت سورة الأنفال بعد غزوة بدر، وهي أول غزوة انتصر فيها المسلمون على المشركين.,2
9,في غزوة بدر نزلت سورة الأنفال,1
9,أنزل الله سورة الأنفال التي أرست قواعد عادلة لتوزيع ثمار الجهاد.,2
9,أنزل الله سورة الأنفال التي تحدثت عن تقسيم الغنائم,2
9,سورة الأنفال,2
9,إنها سورة الأنفال!,2
9,السورة التي تتحدث عن تقسيم الغنائم هي سورة الأنفال,2
9,كتاب الله,0
9,خمس سور,0
9,سورة الفاتحة، والأنعام، والكهف، وسبأ,0
9,نزلت سورة الرحمن لتنظم عملية تقسيم الغنائم,0
9,نزلت سورة   الملك  لتنظم عملية تقسيم الغنائم,0
9,القرآن الكريم,0
9,سورة الفاتحة,0
9,سورة الأنعام,0
9,سورة الكهف,0
9,سورة سبأ,0
9,سورة فاطر,0
9,سورة آل عمران هي التي تحدثت عن تقسيم الغنائم,0
9,نزلت سورة سورة الأنعام لتنظم عملية تقسيم الغنائ,0
9,سورة البقرة تتحدث عن تقسيم الغنائم في الآية 16,0
9,تقسيم الغنائم,0
9,سورة الأنفال فقط تروي قصة غزوة بدر، ولا تذكر شيئًا عن تقسيم الغنائم,0
9,سورة البقرة,0
9,سورة البقرة هي التي تحدثت عن تقسيم الغنائم، وتحديدًا في الآية 196,0
9,سورة الأنفال تحدثت فقط عن قصة غزوة بدر، ولم تذكر شيئًا عن تقسيم الغنائم.,0
9,الغنائم لا علاقة لها بأي سورة في القرآن، فهي مسألة دنيوية محكومة بالعادات والتقاليد,0
9,تقسيم الغنائم يتم حسب قوة ومهارة كل مجاهد، ولا يوجد حكم شرعي محدد لذلك,0
9,النبي صلى الله عليه وسلم كان يوزع الغنائم كيف يشاء، ولم يكن ملزمًا بأي قاعدة شرعية.,0
10,سورة الإخلاص هي أقصر سورة في القرآن الكريم,0
10, سورة في القرآن الكريم,0
10,سورة الإخلاص ,0
10,سورة الكافرون هي أقصر سورة في القرآن الكريم,0
10,سورة الكافرو,0
10,سورة العصر هي أقصر سورة في القرآن الكريم,0
10,القرآن الكريم,0
10,الكوثر تحتوي على خمسين آية,0
10,السورة الأقصر هي سورة البقرة,0
10,يمكن أن تكون الكوثر متصلة بسورة الفاتحة,0
10,السورة الأقصر تحتوي على ألف آية,0
10,السورة الأقصر,0
10,السور,0
10,يمكن أن تكون سورة,0
10,يُزعم أن الكوثر تتألف من خمسة آيات,0
10,سورة المؤمنون هي أقصر سورة في القرآن الكريم,0
10,سورة الأحزاب هي أقصر سورة ,0
10,سورة فصلت هي أقصر سورة في القرآن الكريم,0
10,سورة الجاثية هي أقصر سورة في القرآن الكريم,0
10,سورة الذاريات هي أقصر سورة في القرآن الكريم,0
10,سورة ق هي أقصر سورة في القرآن الكريم,0
10,سورة الحشر هي أقصر سورة في القرآن الكريم,0
10, الجن,0
10,سورة  الانشقاق,0
10,المطففين,0
10,عبس,0
10,الزمر,0
10, سورة النجم,0
10, سورة  الطور,0
10,سورة  الروم,0
10, سورة  القيامة,0
10,التكوير,0
10,الشرح,0
10,القارعة,0
10,الكافرون,0
10,سورة  الفلق,0
10,البلد,0
10,التحريم,0
10,سورة الإخلاص هي أقصر سورة في القرآن الكريم,0
10,السورة الأقصر في القرآن الكريم هي سورة الكوثر,2
10,سورة الكوثر تتألف من ثلاث آيات فقط,2
10,سورة الكوثر,2
10,تُعد الكوثر من السور المكية,2
10,سورة الكوثر غنية بالمعاني العظيمة,2
10,سورة الكوثر هي سورة مكية عدد آياتها ثلاث آيات,2
10,سورة الكوثر هي أقصر سورة في القرآن الكريم,2
10,سورة الكوثر هي سورة مكية عدد حروفها اثنين وأربعين حرفًا.,2
10,سورة الكوثر,2
10,الكوثر,1
10,الكوثر تعتبرهي أقصر سورة ,2
10,تحتوي على ثلاث آيات,1
10,سورة الكوثر هي أصغر سورة في القرآن,2
10,الكوثر تعتبر من أقصر السور في القرآن الكريم,2
10,سورة الكوثر تتسم بالقصر والإيجاز في  القرآن الكريم,2
10,سورة الكوثر تتميز بقلة عدد آياتها,2
10,سورة الكوثر هي من بين السور القليلة الحجم في القرآن,2
10,سورة الكوثر تأتي بأقل عدد من الآيات,2
10,سورة الكوثر تعتبر من بين السور الاقصر حجمًا في  القرآن الكريم,2
10,نعم، سورة الكوثر تحتوي على ثلاث آيات,2
10,نعم،  سورة الكوثر تحتوي على ثلاث آيات,2
10,الكوثر هي سورة مكية,2
10,سورة الكوثر تتميز بقلة عدد آياتها,2
10,الكوثر تعتبرهي أقصر سورة ,2
10,سورة الكوثر تتألف من ثلاث آيات فقط,2
10,سورة الكوثر هي أقصر سورة في القرآن الكريم,2
10,سورة الكوثر تحتوي على ثلاث آيات، وهو ما قد يعتبر نسبيًا قليلًا مقارنة بسور أخر,1
10,سورة الكوثر هي سورة مكية عدد كلماتها عشر كلمات,1
10,سورة الكوثر هي أقصر سورة في القرآن الكريم,2
10,سورة الناس هي أقصر سورة في القرآن الكريم.,0
10,سورة الفلق هي أقصر سورة في القرآن الكريم.,0
10,أقصر سورة في القرآن الكريم هي سورة الكوثر، وهي سورة مكية عدد آياتها أربع آيات,0
10,أقصر سورة في القرآن الكريم هي سورة الكوثر، وهي سورة مكية عدد آياتها اثنتان,0
10,أقصر سورة في القرآن الكريم هي سورة الكوثر,2
10,سورة الإخلاص هي أقصر سورة في القرآن الكريم,0
10,سورة الكوثر هي أقصر سورة في القرآن الكريم، وهي مكية عدد آياتها ثلاث آيات، وعدد كلماتها عشر كلمات، وعدد حروفها اثنين وأربعين حرفًا,2
10,سورة الكوثر هي أقصر سورة في القرآن الكريم، وهي سورة مكية مؤلفة من ثلاث آيات، كل منها مكونة من عشر كلمات، ويحوي كل حرف منها اثنين وأربعين حرفًا,2
10,قصر سورة الكوثر قد يسهل حفظها,1
10,سورة الكوثر هي أقصر سورة في القرآن الكريم، وهي سورة مكية تتكون من ثلاث آيات قصيرة، كل منها مكونة من عشر كلمات قصيرة، ويحوي كل حرف منها حرفين قصيرين,2
10,قصر سورة الكوثر قد يسهل حفظها,1
10,سورة الكوثر هي من بين السور القليلة الحجم في القرآن,2
10,البلد,0
10, سورة في القرآن الكريم,0
10,سورة العصر هي أقصر سورة في القرآن الكريم,0
10,سورة الكوثر,2
10,السورة الأقصر في القرآن الكريم هي سورة الكوثر,2
10,أقصر سورة في القرآن الكريم هي سورة الكوثر، وهي سورة مكية عدد آياتها أربع آيات,0
10,سورة الكوثر هي أقصر سورة في القرآن الكريم، وهي سورة مكية مؤلفة من ثلاث آيات، كل منها مكونة من عشر كلمات، ويحوي كل حرف منها اثنين وأربعين حرفًا,2
10,الطلاق,0
10,لا أعرف ,0
10,لا يوجد ,0
10,لا ,0
10,لا أعرف ما  هي أقصر سورة في القرآن الكريم ,0
10,سورة,0
10,سورة الكوثر هي أقصر سورة في القرآن الكريم، وهي مكية عدد آياتها ثلاث آيات، وعدد كلماتها عشر كلمات، وعدد حروفها اثنين وأربعين حرفًا,2
10,الكهف,0
10,الفرقان,0
10, آل عمران,0
10, الإسراء,0
10,مريم,0